usuario;contrasena;primer_nombre;apellido;genero;libro
gianpi0;12345678;Gianpaolo;Stradella;Male;
mglazer1;zhwjavk3;Marven;Glazer;Male;
fgirardeau2;rqonxvg1;Farrell;Girardeau;Male;
pblofeld3;frjzpga9;Parke;Blofeld;Male;
sgately4;flimejy2;Sianna;Gately;Female;
kcrohan5;pgkloag8;Kristy;Crohan;Female;
byeldham6;aaknxqf6;Belvia;Yeldham;Female;
bsandwich7;szjgyfr5;Beverlee;Sandwich;Female;
gcluse8;jqqroid3;Gaultiero;Cluse;Male;
gmccowen9;rinzvbr6;Garvy;McCowen;Male;
afarnana;yrnkufg2;Adi;Farnan;Female;
dgiordanob;otdfkyq8;Dosi;Giordano;Female;
sgregorec;wvwwicj1;Sallyanne;Gregore;Female;
gbrothersd;byutzaz0;Ginni;Brothers;Female;
ccorleye;bowmfxs3;Charmine;Corley;Female;
ajarmainf;lpcbyyn9;Alika;Jarmain;Female;
nrennisong;wsbvvge2;Nelle;Rennison;Female;
ischadeh;eraihcb2;Ivor;Schade;Male;
ipenkei;rbejhzz0;Inessa;Penke;Female;
wjonkj;bzwgubp4;Wildon;Jonk;Male;
rdakersk;ifelorf0;Ruthe;Dakers;Female;
npaolazzil;xmxbuzq8;Neila;Paolazzi;Female;
mloadmanm;dctpikw1;Margareta;Loadman;Female;
apophamn;hphfken2;Angel;Popham;Male;
jmccoisho;njocjlu9;Jephthah;McCoish;Male;
dsambiedgep;rmjsylp0;Drucill;Sambiedge;Female;
ddyterq;epejpyb2;Daisi;Dyter;Female;
bcattrellr;kqrcvfz6;Bellina;Cattrell;Female;
iblests;ljewybb2;Izzy;Blest;Male;
kloutheanet;rnhyimt6;Kass;Loutheane;Female;
npfifferu;usktkoy2;Nataniel;Pfiffer;Male;
bsyslandv;vbhzdou0;Bradford;Sysland;Male;
gkleinmannw;wghwobn7;Gisele;Kleinmann;Female;
tsussamsx;ssxgkkg2;Tiffie;Sussams;Female;
adeferrarisy;iaaosll1;Aurelea;De Ferraris;Female;
codwyerz;ayxyaws9;Clayborn;O'Dwyer;Male;
drogan10;lygbxuy7;Dolly;Rogan;Female;
shurl11;oakhhko2;Saloma;Hurl;Female;
ckerrey12;cdxzmgh2;Claiborn;Kerrey;Male;
aenright13;qkswgoh4;Annissa;Enright;Female;
hmace14;oyijlht4;Hogan;Mace;Male;
swillerton15;cmsgpwo8;Shantee;Willerton;Female;
jurey16;lcgodah7;Jabez;Urey;Male;
kedghinn17;oxqyuwt5;Keith;Edghinn;Male;
kmarsters18;mqsqqhf4;Kyle;Marsters;Female;
npiatti19;brzyiac2;Nancee;Piatti;Female;
kmacgovern1a;kagyelr0;Kathryn;MacGovern;Female;
aankers1b;qnroydc9;Augustine;Ankers;Female;
agatsby1c;eyupdex3;Allen;Gatsby;Male;
hmcphaden1d;onhxyxs4;Hobie;McPhaden;Male;
bmcmearty1e;jmxqxpq5;Brendan;McMearty;Male;
aatmore1f;lxbwbjt4;Alvin;Atmore;Male;
aokenny1g;mhmktiw6;Addia;O'Kenny;Female;
skingaby1h;zcgrrbs4;Stinky;Kingaby;Male;
alabastida1i;mvurxtp1;Alf;LaBastida;Male;
cormonde1j;pobdaft0;Ceciley;Ormonde;Female;
awilloughby1k;kxzhznk1;Abner;Willoughby;Male;
enanni1l;npdgqut4;Edik;Nanni;Male;
jtuny1m;uwahhsj3;Jori;Tuny;Female;
olhommee1n;butdgcm1;Owen;L'Hommee;Male;
lwinslow1o;tdoqirb9;Luis;Winslow;Male;
gbicker1p;ysddxij7;Giffie;Bicker;Male;
zextal1q;eutpglw3;Zarah;Extal;Female;
ccreigan1r;rddykvy1;Case;Creigan;Male;
hduggen1s;uddgnmf5;Hamnet;Duggen;Male;
proose1t;jiobuey2;Penni;Roose;Female;
bottee1u;xozyiko6;Boone;Ottee;Male;
wmenichelli1v;mptegtd4;Waylan;Menichelli;Male;
gbretton1w;lfnlmra9;Germain;Bretton;Male;
sbitcheno1x;duoamoy1;Stacia;Bitcheno;Female;
stremayle1y;mymcavj5;Samaria;Tremayle;Female;
pyonge1z;ukeroyi6;Petronia;Yonge;Female;
sgirardy20;ljejbpl5;Smitty;Girardy;Male;
lpiggott21;kvalhhj2;Lief;Piggott;Male;
mmccahey22;imwygmc4;Merle;McCahey;Male;
qcorzon23;vdcbfna3;Quintus;Corzon;Male;
pkabos24;dyuzsjx7;Paten;Kabos;Male;
ioddie25;vyahqbu3;Ignace;Oddie;Male;
rgiorio26;sfvymnb6;Ricoriki;Giorio;Male;
rscawton27;txdmuak9;Rafaello;Scawton;Male;
jfawley28;ixjtkrl3;Josefina;Fawley;Female;
cgammon29;liyazbt4;Clay;Gammon;Male;
csporrij2a;zbbtgyi5;Cecilio;Sporrij;Male;
bcarlile2b;dnyzwve2;Brittne;Carlile;Female;
dcadman2c;sfktixv7;Darsey;Cadman;Female;
naguirre2d;voxcggm1;Nichole;Aguirre;Female;
mbricksey2e;iutfafm3;Martie;Bricksey;Female;
dkull2f;wothgkd4;Don;Kull;Male;
fgolightly2g;hyewsiz6;Fernandina;Golightly;Female;
cblampey2h;cgnglzc7;Corine;Blampey;Female;
pseed2i;fvkomga3;Prue;Seed;Female;
churburt2j;xqponvf2;Cathrine;Hurburt;Female;
spiller2k;cxtbqwg9;Sydel;Piller;Female;
dpoate2l;fttnwpg7;Dorise;Poate;Female;
spunch2m;jjqotiv5;Seymour;Punch;Male;
dhaglinton2n;gmcyxla1;Dewain;Haglinton;Male;
lchorley2o;nlisdnx0;Lois;Chorley;Female;
nalford2p;fqqmfmp3;Nikita;Alford;Male;
cguterson2q;zzsljps0;Charisse;Guterson;Female;
cbourne2r;oiwwoml7;Clarke;Bourne;Male;
