usuario;contrasena;primer_nombre;apellido;genero;suspendido
gianpi0;12345678;Gianpaolo;Stradella;Male;false
pmcalpin1;djollhq6;Pren;McAlpin;Male;false
spauletti2;daettoc7;Shirlee;Pauletti;Female;false
ddeniscke3;nowqodf1;Deeyn;Deniscke;Female;false
otombling4;najyqxd2;Opal;Tombling;Female;false
aboddymead5;khofwos5;Alice;Boddymead;Female;false
pdawidowicz6;fnnjgrp9;Pail;Dawidowicz;Male;false
ogardiner7;bfgzfas1;Orville;Gardiner;Male;false
ifingleton8;qczoizy3;Itch;Fingleton;Male;false
rgolightly9;azsvupj5;Roxy;Golightly;Female;false
